name;price;metro;phone;mesto;mass;video;serv;mini
ПЛАЗА;12000;Смоленская,Цветной бульвар,Чистые пруды;79269116026;В квартиру,За город,В сауну,В гостиницу,В офис,В коттедж,;;;Секс классический,Секс анальный,Секс групповой,Секс лесбийский,Услуги семейной паре,Секс-игрушки,Минет в презервативе,Минет без резинки,Минет глубокий,Куннилингус,Окончание на грудь,Окончание на лицо,Окончание в рот,Стриптиз не профи,Лесби откровенное,Лесби-шоу легкое,Массаж классический,Массаж расслабляющий,Массаж урологический,Массаж эротический,Страпон,Анилингус делаю,Золотой дождь выдача,Золотой дождь прием,;files/480x672.jpg
Высшая Лига;13000;Арбатская,Смоленская;79269103166;В квартиру,За город,В сауну,В гостиницу,В офис,В коттедж,;;;Секс классический,Секс анальный,Секс групповой,Секс лесбийский,Услуги семейной паре,Секс-игрушки,Минет в презервативе,Минет без резинки,Минет глубокий,Минет в машине,Куннилингус,Окончание на грудь,Окончание на лицо,Окончание в рот,Стриптиз профи,Стриптиз не профи,Лесби откровенное,Лесби-шоу легкое,Массаж классический,Массаж расслабляющий,Массаж урологический,Массаж точечный,Массаж эротический,Массаж ветка сакуры,Страпон,Анилингус делаю,Золотой дождь выдача,;files/480x672_1.jpg
От заката до рассвета;7000;Академическая,Ленинский проспект,Профсоюзная;79692752577;В квартиру,За город,В сауну,В гостиницу,В офис,В коттедж,;;;Секс классический,Секс анальный,Секс групповой,Секс лесбийский,Услуги семейной паре,Секс-игрушки,Минет в презервативе,Минет без резинки,Минет глубокий,Куннилингус,Окончание на грудь,Окончание на лицо,Окончание в рот,Стриптиз профи,Стриптиз не профи,Лесби откровенное,Лесби-шоу легкое,Массаж классический,Массаж профессиональный,Массаж расслабляющий,Массаж тайский,Массаж урологический,Массаж точечный,Массаж эротический,Массаж ветка сакуры,Страпон,Анилингус делаю,Золотой дождь выдача,;files/480x672_2.jpg
Салон Bastet;7000;Кутузовская,Парк Победы,Студенческая;79660165036;В квартиру,За город,В сауну,В гостиницу,В офис,В коттедж,;;;Секс классический,Секс анальный,Секс групповой,Услуги семейной паре,Минет в презервативе,Минет без резинки,Минет глубокий,Куннилингус,Окончание на грудь,Окончание на лицо,Стриптиз не профи,Лесби-шоу легкое,Массаж классический,Массаж расслабляющий,Массаж точечный,Массаж эротический,Массаж ветка сакуры,Страпон,Фистинг классический,;files/480x672_3.jpg
Эйфория;10000;Кутузовская,Парк Победы,Фили;79654146470;В квартиру,За город,В сауну,В гостиницу,В офис,В коттедж,;;files/H4pPl4D9rSAIC26Z.mp4;Секс классический,Секс анальный,Секс групповой,Секс лесбийский,Услуги семейной паре,Секс-игрушки,Минет в презервативе,Минет без резинки,Минет глубокий,Куннилингус,Окончание на грудь,Окончание на лицо,Окончание в рот,Стриптиз не профи,Массаж эротический,Массаж ветка сакуры,Страпон,Золотой дождь выдача,Фистинг анальный,Фистинг классический,;files/480x672_4.jpg
САЛОН SweetHearts;7000;Кутузовская,Парк Победы,Студенческая;79654146740;В квартиру,За город,В сауну,В гостиницу,В офис,В коттедж,;;files/4Uivnbo36OTRvSZo.mp4;Секс классический,Секс анальный,Секс групповой,Секс лесбийский,Услуги семейной паре,Минет в презервативе,Минет без резинки,Минет глубокий,Куннилингус,Окончание на грудь,Окончание на лицо,Окончание в рот,Стриптиз не профи,Массаж классический,Массаж расслабляющий,Массаж эротический,Массаж ветка сакуры,;files/480x672_5.jpg
Клуб Желаний;5000;Парк Победы,Студенческая,Фили;79654146976;В квартиру,За город,В сауну,В гостиницу,В офис,В коттедж,;;files/HVUYEDIwI5c7do5T.mp4;Секс классический,Секс анальный,Секс групповой,Секс лесбийский,Услуги семейной паре,Секс-игрушки,Минет в презервативе,Минет без резинки,Минет глубокий,Куннилингус,Окончание на грудь,Окончание на лицо,Окончание в рот,Стриптиз не профи,Лесби откровенное,Лесби-шоу легкое,Массаж классический,Массаж расслабляющий,Массаж эротический,Массаж ветка сакуры,;files/480x672_6.jpg
Cream Buns;8000;Деловой центр,Кутузовская,Студенческая;79637220978;В квартиру,За город,В сауну,В гостиницу,В офис,В коттедж,;;;Секс классический,Секс анальный,Секс групповой,Услуги семейной паре,Минет в презервативе,Минет без резинки,Минет глубокий,Куннилингус,Окончание на грудь,Окончание на лицо,Окончание в рот,Стриптиз не профи,Массаж классический,Массаж расслабляющий,Массаж эротический,;files/480x672_7.jpg
Lustful kitties;5000;Кутузовская,Парк Победы,Фили;79637220976;В квартиру,За город,В сауну,В гостиницу,В офис,В коттедж,;;;Секс классический,Секс анальный,Секс групповой,Услуги семейной паре,Минет в презервативе,Минет без резинки,Минет глубокий,Куннилингус,Окончание на грудь,Окончание на лицо,Окончание в рот,Стриптиз не профи,Массаж классический,Массаж расслабляющий,Массаж эротический,;files/480x672_8.jpg
Lucky Day;5000;Деловой центр,Кутузовская,Парк Победы;79637220798;В квартиру,В сауну,В гостиницу,В офис,В коттедж,;;;Секс классический,Секс анальный,Услуги семейной паре,Секс-игрушки,Минет в презервативе,Минет глубокий,Куннилингус,Окончание на грудь,Окончание на лицо,Стриптиз не профи,Лесби-шоу легкое,Массаж классический,Массаж расслабляющий,Массаж эротический,Массаж ветка сакуры,Страпон,;files/480x672_9.jpg
Sweet babies;5000;Киевская,Парк Победы,Студенческая;79637220306;В квартиру,За город,В сауну,В гостиницу,В офис,В коттедж,;;;Секс классический,Секс анальный,Секс групповой,Услуги семейной паре,Минет в презервативе,Минет без резинки,Минет глубокий,Куннилингус,Окончание на грудь,Окончание на лицо,Окончание в рот,Стриптиз не профи,Массаж классический,Массаж расслабляющий,Массаж эротический,;files/480x672_10.jpg
Незабудки;7000;Авиамоторная,Нижегородская,Новохохловская;79096354849;В квартиру,За город,В сауну,В гостиницу,В офис,В коттедж,;;;Секс классический,Секс анальный,Секс групповой,Секс лесбийский,Услуги семейной паре,Секс-игрушки,Минет в презервативе,Минет без резинки,Минет глубокий,Куннилингус,Окончание на грудь,Окончание на лицо,Окончание в рот,Стриптиз профи,Стриптиз не профи,Лесби откровенное,Лесби-шоу легкое,Массаж классический,Массаж профессиональный,Массаж расслабляющий,Массаж тайский,Массаж урологический,Массаж точечный,Массаж эротический,Массаж ветка сакуры,Страпон,Анилингус делаю,Золотой дождь выдача,;files/480x672_11.jpg
Искра;7000;Деловой центр,Киевская,Студенческая;79151999218;В квартиру,За город,В сауну,В гостиницу,В офис,В коттедж,;;;Секс классический,Секс анальный,Секс групповой,Секс лесбийский,Услуги семейной паре,Секс-игрушки,Минет в презервативе,Минет без резинки,Минет глубокий,Куннилингус,Окончание на грудь,Окончание на лицо,Окончание в рот,Стриптиз профи,Стриптиз не профи,Лесби откровенное,Лесби-шоу легкое,Массаж классический,Массаж профессиональный,Массаж расслабляющий,Массаж тайский,Массаж урологический,Массаж точечный,Массаж эротический,Массаж ветка сакуры,Страпон,Анилингус делаю,Золотой дождь выдача,;files/480x672_12.jpg
ИМПЕРИЯ СТРАСТИ;7000;Кутузовская,Парк Победы,Славянский бульвар;79663509301;В квартиру,За город,В сауну,В гостиницу,В офис,В коттедж,;;;Секс классический,Секс анальный,Секс групповой,Секс лесбийский,Услуги семейной паре,Секс-игрушки,Минет в презервативе,Минет без резинки,Минет глубокий,Куннилингус,Окончание на грудь,Окончание на лицо,Окончание в рот,Стриптиз профи,Стриптиз не профи,Лесби откровенное,Лесби-шоу легкое,Массаж классический,Массаж профессиональный,Массаж расслабляющий,Массаж тайский,Массаж урологический,Массаж точечный,Массаж эротический,Массаж ветка сакуры,Страпон,Анилингус делаю,Золотой дождь выдача,;files/480x672_13.jpg
"Клуб сладких утех &quot;Леденец&quot;";7000;Ленинский проспект,Ломоносовский проспект,Университет;79169096132;В квартиру,За город,В сауну,В гостиницу,В офис,В коттедж,;;files/20Jy1PeFLy6DYD8k.mp4;Секс классический,Секс анальный,Секс групповой,Секс лесбийский,Услуги семейной паре,Секс-игрушки,Минет в презервативе,Минет без резинки,Минет глубокий,Куннилингус,Окончание на грудь,Окончание на лицо,Окончание в рот,Стриптиз не профи,Лесби-шоу легкое,Массаж классический,Массаж расслабляющий,Массаж эротический,Массаж ветка сакуры,Страпон,Золотой дождь выдача,;files/480x672_14.jpg
"Клуб &quot;Premium&quot;";7000;Академическая,Профсоюзная,Севастопольская;79855104815;В квартиру,За город,В сауну,В гостиницу,В офис,В коттедж,;;files/5ON8UYiJqjjsXNfy.mp4;Секс классический,Секс анальный,Секс групповой,Секс лесбийский,Услуги семейной паре,Секс-игрушки,Минет в презервативе,Минет без резинки,Минет глубокий,Куннилингус,Окончание на грудь,Окончание на лицо,Окончание в рот,Стриптиз профи,Стриптиз не профи,Лесби откровенное,Лесби-шоу легкое,Массаж классический,Массаж профессиональный,Массаж расслабляющий,Массаж тайский,Массаж урологический,Массаж точечный,Массаж эротический,Массаж ветка сакуры,Страпон,Анилингус делаю,Золотой дождь выдача,;files/480x672_15.jpg
Салон PASSION;4000;Проспект Вернадского;79686283416;В квартиру,За город,В сауну,В гостиницу,В коттедж,;;files/IABwvDUNFhsSRhhh.mp4;Секс классический,Секс анальный,Секс групповой,Минет в презервативе,Минет без резинки,Куннилингус,Окончание на грудь,Окончание в рот,Стриптиз не профи,Лесби-шоу легкое,Массаж классический,Массаж расслабляющий,Массаж эротический,;files/480x672_16.jpg
ФЛИРT;5000;Филевский парк;79168757201;В квартиру,За город,В сауну,В гостиницу,В офис,В коттедж,;;;Секс классический,Секс анальный,Секс групповой,Секс лесбийский,Услуги семейной паре,Секс-игрушки,Минет в презервативе,Минет без резинки,Минет глубокий,Куннилингус,Окончание на грудь,Окончание на лицо,Окончание в рот,Стриптиз профи,Стриптиз не профи,Лесби откровенное,Лесби-шоу легкое,Массаж классический,Массаж расслабляющий,Массаж эротический,Золотой дождь выдача,;files/480x672_17.jpg
ZAБAВA BEST;7000;Кутузовская,Парк Победы,Студенческая;79856849628;В квартиру,За город,В сауну,В гостиницу,В офис,В коттедж,;;;Секс классический,Секс анальный,Секс групповой,Услуги семейной паре,Секс-игрушки,Минет в презервативе,Минет без резинки,Минет глубокий,Куннилингус,Окончание на грудь,Окончание на лицо,Окончание в рот,Стриптиз не профи,Лесби-шоу легкое,Массаж классический,Массаж расслабляющий,Массаж эротический,Золотой дождь выдача,;files/480x672_18.jpg
ДИКАЯ МЯТА;7000;Беговая,Хорошевская;79856849605;В квартиру,За город,В сауну,В гостиницу,В офис,В коттедж,;;;Секс классический,Услуги семейной паре,Секс-игрушки,Минет в презервативе,Минет без резинки,Куннилингус,Окончание на грудь,Окончание на лицо,Окончание в рот,Стриптиз не профи,Лесби-шоу легкое,Массаж классический,Массаж расслабляющий,Массаж эротический,Золотой дождь выдача,;files/480x672_19.jpg
РАНДЕВУ;5000;Ленинский проспект;79167301071;В квартиру,За город,В сауну,В гостиницу,В офис,В коттедж,;;;Секс классический,Секс анальный,Секс групповой,Услуги семейной паре,Секс-игрушки,Минет в презервативе,Минет без резинки,Минет глубокий,Куннилингус,Окончание на грудь,Окончание на лицо,Окончание в рот,Стриптиз не профи,Лесби-шоу легкое,Массаж классический,Массаж расслабляющий,Массаж эротический,Золотой дождь выдача,;files/480x672_20.jpg
Raffaella;5000;Автозаводская;79165557239;В квартиру,За город,В сауну,В гостиницу,В офис,В коттедж,;;files/ci9wDDBLbr5B3YaA.mp4;Секс классический,Секс анальный,Секс групповой,Секс лесбийский,Минет в презервативе,Минет без резинки,Минет глубокий,Куннилингус,Окончание на грудь,Окончание на лицо,Окончание в рот,Стриптиз профи,Стриптиз не профи,Лесби откровенное,Лесби-шоу легкое,Массаж классический,Массаж профессиональный,Массаж расслабляющий,Массаж урологический,Массаж эротический,Анилингус делаю,;files/480x672_21.jpg
Куртизанки;3500;Шаболовская;79165083039;В квартиру,За город,В сауну,В гостиницу,В офис,В коттедж,;;;Секс классический,Секс анальный,Секс групповой,Минет в презервативе,Минет без резинки,Куннилингус,Окончание на грудь,Окончание в рот,Стриптиз не профи,Лесби-шоу легкое,Массаж классический,Массаж расслабляющий,Массаж эротический,;files/480x672_22.jpg
Салон B69;3500;Тульская;79165072641;В квартиру,За город,В сауну,В гостиницу,В офис,В коттедж,;;;Секс классический,Секс анальный,Секс групповой,Минет в презервативе,Минет без резинки,Куннилингус,Окончание на грудь,Окончание на лицо,Окончание в рот,Стриптиз не профи,Лесби-шоу легкое,Массаж классический,Массаж расслабляющий,Массаж урологический,Массаж эротический,;files/480x672_23.jpg
Салон ЛАГУНА;3500;Автозаводская;79660095417;В квартиру,За город,В сауну,В гостиницу,В офис,В коттедж,;;files/0RtULpMVQO8Z67_s.mp4;Секс классический,Секс анальный,Секс групповой,Секс лесбийский,Минет в презервативе,Минет без резинки,Куннилингус,Окончание на грудь,Окончание в рот,Стриптиз не профи,Лесби-шоу легкое,Массаж классический,Массаж расслабляющий,Массаж эротический,;files/480x672_24.jpg
ENIGMA;5000;Кутузовская,Студенческая;79165178987;В квартиру,За город,В сауну,В гостиницу,В офис,В коттедж,;;;Секс классический,Секс анальный,Секс групповой,Секс лесбийский,Минет в презервативе,Минет без резинки,Куннилингус,Окончание на грудь,Окончание в рот,Стриптиз не профи,Лесби-шоу легкое,Массаж классический,Массаж расслабляющий,Массаж эротический,;files/480x672_25.jpg
Салон ИНТИМ-СИТИ;5000;Кутузовская;79660095419;В квартиру,За город,В сауну,В гостиницу,В офис,В коттедж,;;files/9JBk7xzEGIntcHqr.mp4;Секс классический,Секс анальный,Секс групповой,Секс лесбийский,Минет в презервативе,Минет без резинки,Куннилингус,Окончание на грудь,Окончание в рот,Стриптиз не профи,Лесби-шоу легкое,Массаж классический,Массаж расслабляющий,Массаж эротический,;files/480x672_26.jpg
?? Салон VIP ??;7000;Филевский парк;79686283419;В квартиру,За город,В сауну,В гостиницу,В офис,В коттедж,;;files/L3nZW7y0zf2wWZcm.mp4;Секс классический,Секс анальный,Секс групповой,Минет в презервативе,Минет без резинки,Минет глубокий,Куннилингус,Окончание на грудь,Окончание в рот,Стриптиз профи,Стриптиз не профи,Лесби-шоу легкое,Массаж классический,Массаж профессиональный,Массаж расслабляющий,Массаж эротический,;files/480x672_27.jpg
Салон RELAX;3500;Багратионовская;79686283264;В квартиру,За город,В сауну,В гостиницу,В коттедж,;;;Секс классический,Секс анальный,Секс групповой,Минет в презервативе,Минет без резинки,Куннилингус,Окончание на грудь,Окончание в рот,Стриптиз не профи,Лесби-шоу легкое,Массаж классический,Массаж расслабляющий,Массаж эротический,;files/480x672_28.jpg
Салон БАТТЕРФЛЯЙ;3500;Тульская;79686283256;В квартиру,За город,В сауну,В гостиницу,В коттедж,;;;Секс классический,Секс анальный,Секс групповой,Минет в презервативе,Минет без резинки,Куннилингус,Окончание на грудь,Окончание в рот,Стриптиз не профи,Лесби-шоу легкое,Массаж классический,Массаж расслабляющий,Массаж эротический,;files/480x672_29.jpg
Салон PANTERA;5000;Университет;79686283253;В квартиру,За город,В сауну,В гостиницу,В коттедж,;;files/L8Ut13P2WuiAQBwH.mp4;Секс классический,Секс анальный,Секс групповой,Минет в презервативе,Минет без резинки,Куннилингус,Окончание на грудь,Окончание в рот,Стриптиз не профи,Лесби-шоу легкое,Массаж классический,Массаж расслабляющий,Массаж эротический,;files/480x672_30.jpg
NIGHT CAT;3500;Кутузовская,Студенческая;79165178997;В квартиру,За город,В сауну,В гостиницу,В офис,В коттедж,;;;Секс классический,Секс анальный,Секс групповой,Секс лесбийский,Минет в презервативе,Минет без резинки,Куннилингус,Окончание на грудь,Окончание в рот,Стриптиз не профи,Лесби-шоу легкое,Массаж классический,Массаж расслабляющий,Массаж эротический,;files/480x672_31.jpg
Город Грехов;6000;Филевский парк;79680461754;В квартиру,За город,В сауну,В гостиницу,В офис,В коттедж,;;;Секс классический,Секс анальный,Секс групповой,Секс лесбийский,Минет в презервативе,Минет без резинки,Минет глубокий,Куннилингус,Окончание на грудь,Окончание на лицо,Окончание в рот,Стриптиз профи,Стриптиз не профи,Лесби откровенное,Лесби-шоу легкое,Массаж классический,Массаж профессиональный,Массаж расслабляющий,Массаж тайский,Массаж урологический,Массаж точечный,Массаж эротический,Массаж ветка сакуры,Анилингус делаю,;files/480x672_32.jpg
AMOUAGE;10000;Арбатская,Планерная,Профсоюзная;79257822628;В квартиру,За город,В сауну,В гостиницу,В офис,В коттедж,;;;Секс классический,Секс анальный,Секс групповой,Секс лесбийский,Услуги семейной паре,Минет в презервативе,Минет без резинки,Минет глубокий,Минет в машине,Куннилингус,Окончание на грудь,Окончание на лицо,Окончание в рот,Стриптиз профи,Стриптиз не профи,Лесби откровенное,Лесби-шоу легкое,Массаж классический,Массаж профессиональный,Массаж расслабляющий,Массаж эротический,Страпон,Анилингус делаю,Золотой дождь выдача,;files/480x672_33.jpg
AMIGO;5000;Академическая,Белорусская,Парк Победы;79165084653;В квартиру,За город,В сауну,В гостиницу,В офис,В коттедж,;;;Секс классический,Секс анальный,Секс групповой,Секс лесбийский,Услуги семейной паре,Секс-игрушки,Минет в презервативе,Минет без резинки,Минет глубокий,Куннилингус,Окончание на грудь,Окончание на лицо,Окончание в рот,Стриптиз профи,Стриптиз не профи,Лесби откровенное,Лесби-шоу легкое,Массаж классический,Массаж расслабляющий,Массаж эротический,Массаж ветка сакуры,Страпон,Анилингус делаю,Золотой дождь выдача,;files/480x672_34.jpg
Lux Lady;7000;Севастопольская;79255588828;В квартиру,За город,В сауну,В гостиницу,В офис,В коттедж,;;;Секс классический,Секс анальный,Услуги семейной паре,Минет в презервативе,Минет без резинки,Минет глубокий,Куннилингус,Окончание на грудь,Окончание на лицо,Стриптиз профи,Стриптиз не профи,Лесби откровенное,Лесби-шоу легкое,Массаж классический,Массаж профессиональный,Массаж расслабляющий,Массаж урологический,Массаж эротический,Массаж ветка сакуры,;files/480x672_35.jpg
"Эротический салон &quot;Чудесный сон&quot;";5000;Ленинский проспект;79685406201;В квартиру,За город,В сауну,В гостиницу,В коттедж,;;;Секс классический,Секс анальный,Секс групповой,Минет в презервативе,Минет без резинки,Стриптиз не профи,Массаж классический,Массаж расслабляющий,Массаж эротический,;files/480x672_36.jpg
"Салон &quot;Непокорные Кошки&quot;";4000;Профсоюзная;79689495388;В квартиру,За город,В сауну,В гостиницу,В коттедж,;;;Секс классический,Секс анальный,Секс групповой,Минет в презервативе,Минет без резинки,Стриптиз не профи,Массаж классический,Массаж расслабляющий,Массаж эротический,;files/480x672_37.jpg
"Эротический салон &quot;Райское Наслаждение&quot;";4000;Новые Черемушки;79685660826;В квартиру,За город,В сауну,В гостиницу,В коттедж,;;;Секс классический,Секс анальный,Секс групповой,Минет в презервативе,Минет без резинки,Стриптиз не профи,Массаж классический,Массаж расслабляющий,Массаж эротический,;files/480x672_38.jpg
"&quot;ТОП ДЕВОЧКИ МОСКВЫ&quot;";5000;Ленинский проспект;79680824081;В квартиру,За город,В сауну,В гостиницу,В коттедж,;;;Секс классический,Секс анальный,Секс групповой,Минет в презервативе,Минет без резинки,Стриптиз не профи,Массаж классический,Массаж расслабляющий,Массаж эротический,;files/480x672_39.jpg
Метро Университет;3000;Ломоносовский проспект,Проспект Вернадского,Университет;79104958097;В квартиру,За город,В сауну,В гостиницу,В офис,;;;Секс классический,Секс анальный,Услуги семейной паре,Секс-игрушки,Минет в презервативе,Минет без резинки,Минет глубокий,Куннилингус,Окончание на грудь,Массаж классический,Массаж расслабляющий,Массаж тайский,Массаж эротический,Массаж ветка сакуры,Страпон,Золотой дождь выдача,;files/480x672_40.jpg
"Эротический салон &quot;Островок свободы&quot;";4000;Нахимовский проспект;79661321901;В квартиру,За город,В сауну,В гостиницу,В коттедж,;;;Секс классический,Секс анальный,Секс групповой,Минет в презервативе,Минет без резинки,Стриптиз не профи,Массаж классический,Массаж расслабляющий,Массаж эротический,;files/480x672_41.jpg
ШПИЛЬКИ;2000;Алексеевская,ВДНХ,Рижская;79850576943;;;;Секс классический,Секс анальный,Секс групповой,Секс лесбийский,Услуги семейной паре,Секс-игрушки,Минет в презервативе,Минет без резинки,Минет глубокий,Минет в машине,Куннилингус,Окончание на грудь,Окончание на лицо,Окончание в рот,Стриптиз профи,Стриптиз не профи,Лесби откровенное,Лесби-шоу легкое,Массаж классический,Массаж профессиональный,Массаж расслабляющий,Массаж тайский,Массаж урологический,Массаж точечный,Массаж эротический,Массаж ветка сакуры,Страпон,Анилингус делаю,Золотой дождь выдача,Золотой дождь прием,Копро выдача,Фистинг анальный,Фистинг классический,;files/480x672_42.jpg
"Апартаменты &quot;Pretty Girl&quot;";4000;Новые Черемушки;79680546568;В квартиру,За город,В сауну,В гостиницу,В коттедж,;;;Секс классический,Секс анальный,Секс групповой,Минет в презервативе,Минет без резинки,Стриптиз не профи,Массаж классический,Массаж расслабляющий,Массаж эротический,;files/480x672_43.jpg
НИМФОМАНКИ;5000;Ленинский проспект;79686075134;В квартиру,За город,В сауну,В гостиницу,В коттедж,;;;Секс классический,Секс анальный,Секс групповой,Минет в презервативе,Минет без резинки,Стриптиз не профи,Массаж классический,Массаж расслабляющий,Массаж эротический,;files/480x672_44.jpg
"Эротический салон &quot;Город Грехов&quot;";5000;Павелецкая;79685313065;;;;Секс классический,Секс анальный,Секс групповой,Минет в презервативе,Минет без резинки,Стриптиз не профи,Массаж классический,Массаж расслабляющий,Массаж эротический,;files/480x672_45.jpg
"Эротический салон &quot;СЛАДКАЯ ШАЛУНЬЯ&quot;";5000;Улица Скобелевская;79686698986;В квартиру,За город,В сауну,В гостиницу,В коттедж,;;;Секс классический,Секс анальный,Секс групповой,Минет в презервативе,Минет без резинки,Стриптиз не профи,Массаж классический,Массаж расслабляющий,Массаж эротический,;files/480x672_46.jpg
"Эротический салон &quot;Массажный Экстаз&quot;";4000;Профсоюзная;79686698057;В квартиру,За город,В сауну,В гостиницу,В коттедж,;;;Секс классический,Секс анальный,Секс групповой,Минет в презервативе,Минет без резинки,Стриптиз не профи,Массаж классический,Массаж расслабляющий,Массаж эротический,;files/480x672_47.jpg
"Апартаменты &quot;SWEET DREAMS&quot;";4000;Студенческая;79057169827;В квартиру,За город,В сауну,В гостиницу,В коттедж,;;;Секс классический,Секс анальный,Секс групповой,Минет в презервативе,Стриптиз не профи,Массаж классический,Массаж расслабляющий,Массаж эротический,;files/480x672_48.jpg
"Эротичесакий салон &quot;Karamelka&quot;";4000;Улица Скобелевская;79636852609;В квартиру,За город,В сауну,В гостиницу,В коттедж,;;;Секс классический,Секс анальный,Секс групповой,Минет в презервативе,Минет без резинки,Стриптиз не профи,Массаж классический,Массаж расслабляющий,Массаж эротический,;files/480x672_49.jpg
"Эротический салон &quot;Твоя Доза Эндорфина&quot;";4000;Нахимовский проспект;79164066743;В квартиру,За город,В сауну,В гостиницу,В коттедж,;;;Секс классический,Секс анальный,Секс групповой,Минет в презервативе,Минет без резинки,Стриптиз не профи,Массаж классический,Массаж расслабляющий,Массаж эротический,;files/480x672_50.jpg
"Эротический салон &quot;Нотка блаженства&quot;";5000;Улица Скобелевская;79680477849;В квартиру,За город,В сауну,В гостиницу,В коттедж,;;;Секс классический,Секс анальный,Секс групповой,Минет в презервативе,Минет без резинки,Стриптиз не профи,Массаж классический,Массаж расслабляющий,Массаж эротический,;files/480x672_51.jpg
"Эротический салон &quot;Блудницы&quot;";4000;Новые Черемушки;79663575640;В квартиру,За город,В сауну,В гостиницу,В коттедж,;;;Секс классический,Секс анальный,Секс групповой,Минет в презервативе,Минет без резинки,Стриптиз не профи,Массаж классический,Массаж расслабляющий,Массаж эротический,;files/480x672_52.jpg
СОСУЛЬКИ;2000;Котельники,Рязанский проспект,Щелковская;79850576873;;;;Секс классический,Секс анальный,Секс групповой,Секс лесбийский,Услуги семейной паре,Секс-игрушки,Минет в презервативе,Минет без резинки,Минет глубокий,Минет в машине,Куннилингус,Окончание на грудь,Окончание на лицо,Окончание в рот,Стриптиз профи,Стриптиз не профи,Лесби откровенное,Лесби-шоу легкое,Массаж классический,Массаж профессиональный,Массаж расслабляющий,Массаж тайский,Массаж урологический,Массаж точечный,Массаж эротический,Массаж ветка сакуры,Страпон,Анилингус делаю,Золотой дождь выдача,Золотой дождь прием,Копро выдача,Фистинг анальный,Фистинг классический,;files/480x672_53.jpg
КИСУЛЬКИ;5000;Кутузовская,Университет,Юго-Западная;79858499052;;;;Секс классический,Секс анальный,Секс групповой,Секс лесбийский,Услуги семейной паре,Секс-игрушки,Минет в презервативе,Минет без резинки,Минет глубокий,Минет в машине,Куннилингус,Окончание на грудь,Окончание на лицо,Окончание в рот,Стриптиз профи,Стриптиз не профи,Лесби откровенное,Лесби-шоу легкое,Массаж классический,Массаж профессиональный,Массаж расслабляющий,Массаж тайский,Массаж урологический,Массаж точечный,Массаж эротический,Массаж ветка сакуры,Страпон,Анилингус делаю,Золотой дождь выдача,Золотой дождь прием,Копро выдача,Фистинг анальный,Фистинг классический,;files/480x672_54.jpg
Клуб Желаний;7000;Ленинский проспект,Ломоносовский проспект,Университет;79169095051;В квартиру,За город,В сауну,В гостиницу,В офис,В коттедж,;;;Секс классический,Секс анальный,Секс групповой,Секс лесбийский,Услуги семейной паре,Секс-игрушки,Минет в презервативе,Минет без резинки,Минет глубокий,Куннилингус,Окончание на грудь,Окончание на лицо,Окончание в рот,Стриптиз профи,Стриптиз не профи,Лесби откровенное,Лесби-шоу легкое,Массаж классический,Массаж профессиональный,Массаж расслабляющий,Массаж тайский,Массаж урологический,Массаж точечный,Массаж эротический,Массаж ветка сакуры,Страпон,Анилингус делаю,Золотой дождь выдача,;files/480x672_55.jpg
"Клуб &quot;Секрет наслаждения&quot;";7000;Академическая,Проспект Вернадского,Профсоюзная;79035414924;В квартиру,За город,В сауну,В гостиницу,В офис,В коттедж,;;;Секс классический,Секс анальный,Секс групповой,Секс лесбийский,Услуги семейной паре,Секс-игрушки,Минет в презервативе,Минет без резинки,Минет глубокий,Куннилингус,Окончание на грудь,Окончание на лицо,Окончание в рот,Стриптиз профи,Стриптиз не профи,Лесби откровенное,Лесби-шоу легкое,Массаж классический,Массаж профессиональный,Массаж расслабляющий,Массаж тайский,Массаж урологический,Массаж точечный,Массаж эротический,Массаж ветка сакуры,Страпон,Анилингус делаю,Золотой дождь выдача,;files/480x672_56.jpg
Эйфория;7000;Ленинский проспект,Ломоносовский проспект,Шаболовская;79169094993;В квартиру,За город,В сауну,В гостиницу,В офис,В коттедж,;;;Секс классический,Секс анальный,Секс групповой,Секс лесбийский,Услуги семейной паре,Минет в презервативе,Минет без резинки,Минет глубокий,Куннилингус,Окончание на грудь,Окончание на лицо,Окончание в рот,Стриптиз профи,Стриптиз не профи,Лесби откровенное,Лесби-шоу легкое,Массаж классический,Массаж профессиональный,Массаж расслабляющий,Массаж тайский,Массаж урологический,Массаж точечный,Массаж эротический,Массаж ветка сакуры,Страпон,Анилингус делаю,Золотой дождь выдача,;files/480x672_57.jpg
Близость;7000;Новые Черемушки,Профсоюзная,Севастопольская;79850306465;В квартиру,За город,В сауну,В гостиницу,В офис,В коттедж,;;;Секс классический,Секс анальный,Секс групповой,Секс лесбийский,Услуги семейной паре,Секс-игрушки,Минет в презервативе,Минет без резинки,Минет глубокий,Куннилингус,Окончание на грудь,Окончание на лицо,Окончание в рот,Стриптиз профи,Стриптиз не профи,Лесби откровенное,Лесби-шоу легкое,Массаж классический,Массаж профессиональный,Массаж расслабляющий,Массаж тайский,Массаж урологический,Массаж точечный,Массаж эротический,Массаж ветка сакуры,Страпон,Анилингус делаю,Золотой дождь выдача,;files/480x672_58.jpg
"&quot;Витамин страсти&quot;";7000;Таганская,Нижегородская,Новохохловская;79035411372;В квартиру,За город,В сауну,В гостиницу,В офис,В коттедж,;;;Секс классический,Секс анальный,Секс групповой,Секс лесбийский,Услуги семейной паре,Секс-игрушки,Минет в презервативе,Минет без резинки,Минет глубокий,Куннилингус,Окончание на грудь,Окончание на лицо,Окончание в рот,Стриптиз профи,Стриптиз не профи,Лесби откровенное,Лесби-шоу легкое,Массаж классический,Массаж профессиональный,Массаж расслабляющий,Массаж тайский,Массаж урологический,Массаж точечный,Массаж эротический,Массаж ветка сакуры,Страпон,Анилингус делаю,Золотой дождь выдача,;files/480x672_59.jpg
Ягодки;7000;Кутузовская,Парк Победы,Славянский бульвар;79683357805;В квартиру,За город,В сауну,В гостиницу,В офис,В коттедж,;;files/DKPea_KdoeHZj7Gz.mp4;Секс классический,Секс анальный,Секс групповой,Секс лесбийский,Услуги семейной паре,Минет в презервативе,Минет без резинки,Минет глубокий,Куннилингус,Окончание на грудь,Окончание на лицо,Окончание в рот,Стриптиз профи,Стриптиз не профи,Лесби откровенное,Лесби-шоу легкое,Массаж классический,Массаж профессиональный,Массаж расслабляющий,Массаж тайский,Массаж урологический,Массаж точечный,Массаж эротический,Массаж ветка сакуры,Страпон,Анилингус делаю,Золотой дождь выдача,;files/480x672_60.jpg
Азбука секса;7000;Киевская,Смоленская,Студенческая;79858182817;В квартиру,За город,В сауну,В гостиницу,В офис,В коттедж,;;;Секс классический,Секс анальный,Секс групповой,Секс лесбийский,Услуги семейной паре,Секс-игрушки,Минет в презервативе,Минет без резинки,Минет глубокий,Куннилингус,Окончание на грудь,Окончание на лицо,Окончание в рот,Стриптиз профи,Стриптиз не профи,Лесби откровенное,Лесби-шоу легкое,Массаж классический,Массаж профессиональный,Массаж расслабляющий,Массаж тайский,Массаж урологический,Массаж точечный,Массаж эротический,Массаж ветка сакуры,Страпон,Анилингус делаю,Золотой дождь выдача,;files/480x672_61.jpg
ИСКУШЕНИЕ;7000;Кутузовская,Парк Победы,Славянский бульвар;79152546940;В квартиру,За город,В сауну,В гостиницу,В офис,В коттедж,;;;;files/480x672_62.jpg
ЖЕЛАНИЕ;7000;Кутузовская,Парк Победы,Славянский бульвар;79636518193;В квартиру,За город,В сауну,В гостиницу,В офис,В коттедж,;;;;files/480x672_63.jpg
Сладкий ЯД;7000;Кутузовская,Парк Победы,Славянский бульвар;79154476102;В квартиру,За город,В сауну,В гостиницу,В офис,В коттедж,;;;;files/480x672_64.jpg
Шарм;7000;Кутузовская,Парк Победы,Славянский бульвар;79636518193;В квартиру,За город,В сауну,В гостиницу,В офис,В коттедж,;;;;files/480x672_65.jpg
Nightlady;2500;Алексеевская,ВДНХ,Преображенская площадь;79651085408;;;;Секс классический,Секс анальный,Секс групповой,Услуги семейной паре,Минет в презервативе,Минет без резинки,Минет глубокий,Куннилингус,Окончание на грудь,Окончание на лицо,Окончание в рот,Стриптиз профи,Стриптиз не профи,Лесби откровенное,Лесби-шоу легкое,Массаж классический,Массаж расслабляющий,Массаж урологический,Массаж точечный,Страпон,Золотой дождь выдача,Госпожа,Игры,Легкая доминация,Порка,Рабыня,Фетиш,Трамплинг,Бондаж,;files/480x672_66.jpg
РАЙ;5000;Профсоюзная,Университет;89261242991;В квартиру,За город,В сауну,В гостиницу,В офис,В коттедж,;;;;files/480x672_67.jpg
Куртизанки Павелецкая;5000;Павелецкая;79269567190;В квартиру,За город,В сауну,В гостиницу,В офис,В коттедж,;;;;files/480x672_68.jpg
Сириус;2500;Солнцево,Озерная,Говорово;79296347140;;;;Услуги семейной паре,Окончание на грудь,Стриптиз не профи,Лесби-шоу легкое,Массаж классический,Массаж профессиональный,Массаж расслабляющий,Массаж тайский,Массаж урологический,Массаж точечный,Массаж эротический,Массаж ветка сакуры,;files/480x672_69.jpg
ПРОжарка интим салон;7000;Алексеевская,ВДНХ,Проспект Мира;79259209991;В сауну,В гостиницу,;;;Секс классический,Секс анальный,Секс групповой,Секс лесбийский,Услуги семейной паре,Секс-игрушки,Минет в презервативе,Минет без резинки,Минет глубокий,Куннилингус,Окончание на грудь,Окончание на лицо,Окончание в рот,Стриптиз профи,Стриптиз не профи,Лесби откровенное,Лесби-шоу легкое,Массаж классический,Массаж профессиональный,Массаж расслабляющий,Массаж тайский,Массаж урологический,Массаж точечный,Массаж эротический,Массаж ветка сакуры,Золотой дождь выдача,Фистинг классический,;files/480x672_70.jpg
EVITA SALON;5000;Тульская;79680186046;В квартиру,За город,В сауну,В гостиницу,В офис,В коттедж,;;;Секс классический,Секс анальный,Секс групповой,Секс лесбийский,Минет в презервативе,Минет без резинки,Минет глубокий,Куннилингус,Окончание на грудь,Окончание на лицо,Окончание в рот,Стриптиз профи,Стриптиз не профи,Лесби откровенное,Лесби-шоу легкое,Массаж классический,Массаж профессиональный,Массаж расслабляющий,Массаж эротический,Анилингус делаю,;files/480x672_71.jpg
Риада;3500;Автозаводская;79686283417;В квартиру,За город,В сауну,В гостиницу,В офис,В коттедж,;;;Секс классический,Секс анальный,Секс групповой,Секс лесбийский,Минет в презервативе,Минет без резинки,Куннилингус,Окончание на грудь,Окончание в рот,Стриптиз не профи,Лесби-шоу легкое,Массаж классический,Массаж расслабляющий,Массаж эротический,;files/480x672_72.jpg
БАРХАТ??;5000;Ленинский проспект,Спортивная,Университет;79647145350;В квартиру,За город,В гостиницу,В офис,;;;Секс классический,Секс анальный,Секс групповой,Секс лесбийский,Услуги семейной паре,Секс-игрушки,Минет в презервативе,Минет без резинки,Минет глубокий,Куннилингус,Окончание на грудь,Окончание в рот,Стриптиз не профи,Лесби-шоу легкое,Массаж расслабляющий,Массаж урологический,Массаж эротический,Массаж ветка сакуры,Страпон,Золотой дождь выдача,;files/480x672_73.jpg
|ЕВРОБОРДЕЛЬ|;5000;Ленинский проспект,Спортивная,Университет;79660156658;В квартиру,За город,В гостиницу,В офис,;;;Секс классический,Секс анальный,Секс групповой,Секс лесбийский,Услуги семейной паре,Секс-игрушки,Минет в презервативе,Минет без резинки,Минет глубокий,Куннилингус,Окончание на грудь,Окончание в рот,Стриптиз не профи,Лесби-шоу легкое,Массаж расслабляющий,Массаж урологический,Массаж эротический,Массаж ветка сакуры,Страпон,Золотой дождь выдача,;files/480x672_74.jpg
??G-CLUB??;7000;Ленинский проспект,Спортивная,Университет;79660156919;В квартиру,За город,В гостиницу,В офис,;;;Секс классический,Секс анальный,Секс групповой,Секс лесбийский,Услуги семейной паре,Секс-игрушки,Минет в презервативе,Минет без резинки,Минет глубокий,Куннилингус,Окончание на грудь,Окончание в рот,Стриптиз не профи,Лесби-шоу легкое,Массаж расслабляющий,Массаж урологический,Массаж эротический,Массаж ветка сакуры,Страпон,Золотой дождь выдача,;files/480x672_75.jpg
?||KAIF||?;10000;Киевская,Кутузовская,Парк Победы;79660157041;В квартиру,За город,В гостиницу,В офис,;;;Секс классический,Секс анальный,Секс групповой,Секс лесбийский,Услуги семейной паре,Секс-игрушки,Минет в презервативе,Минет без резинки,Минет глубокий,Куннилингус,Окончание на грудь,Окончание в рот,Стриптиз не профи,Лесби-шоу легкое,Массаж расслабляющий,Массаж урологический,Массаж эротический,Массаж ветка сакуры,Страпон,Золотой дождь выдача,;files/480x672_76.jpg
Девочки18+;7000;Киевская,Кутузовская,Парк Победы;79661716013;В квартиру,За город,В гостиницу,В офис,;;;Секс классический,Секс анальный,Секс групповой,Секс лесбийский,Услуги семейной паре,Секс-игрушки,Минет в презервативе,Минет без резинки,Минет глубокий,Куннилингус,Окончание на грудь,Окончание в рот,Стриптиз не профи,Лесби-шоу легкое,Массаж расслабляющий,Массаж урологический,Массаж эротический,Массаж ветка сакуры,Страпон,Золотой дождь выдача,;files/480x672_77.jpg
Элитный Салон 18+;7000;Киевская,Кутузовская,Парк Победы;79690125878;В квартиру,За город,В гостиницу,В офис,;;;Секс классический,Секс анальный,Секс групповой,Секс лесбийский,Услуги семейной паре,Секс-игрушки,Минет в презервативе,Минет без резинки,Минет глубокий,Куннилингус,Окончание на грудь,Окончание в рот,Стриптиз не профи,Лесби-шоу легкое,Массаж расслабляющий,Массаж урологический,Массаж эротический,Массаж ветка сакуры,Страпон,Золотой дождь выдача,;files/480x672_78.jpg
Девочки VIP;10000;Кутузовская;79637181757;В квартиру,За город,В сауну,В гостиницу,В офис,В коттедж,;;;Секс классический,Секс анальный,Секс групповой,Секс лесбийский,Услуги семейной паре,Секс-игрушки,Минет в презервативе,Минет без резинки,Минет глубокий,Куннилингус,Окончание на грудь,Окончание на лицо,Окончание в рот,Стриптиз профи,Стриптиз не профи,Лесби-шоу легкое,Массаж классический,Массаж расслабляющий,Массаж урологический,Массаж эротический,Массаж ветка сакуры,Страпон,Золотой дождь выдача,;files/480x672_79.jpg
Райское Наслаждение;7000;Кутузовская;79637181837;В квартиру,За город,В сауну,В гостиницу,В офис,;;;Секс классический,Секс анальный,Секс лесбийский,Услуги семейной паре,Секс-игрушки,Минет в презервативе,Минет без резинки,Минет глубокий,Куннилингус,Окончание на грудь,Окончание на лицо,Стриптиз не профи,Лесби-шоу легкое,Массаж расслабляющий,Массаж урологический,Массаж эротический,Массаж ветка сакуры,Страпон,Золотой дождь выдача,;files/480x672_80.jpg
Бордельчик;7000;Университет;79637181854;В квартиру,За город,В сауну,В гостиницу,В офис,В коттедж,;;;Секс классический,Секс анальный,Секс лесбийский,Услуги семейной паре,Секс-игрушки,Минет в презервативе,Минет без резинки,Минет глубокий,Куннилингус,Окончание на грудь,Окончание на лицо,Стриптиз не профи,Лесби-шоу легкое,Массаж расслабляющий,Массаж урологический,Массаж эротический,Массаж ветка сакуры,Страпон,Золотой дождь выдача,;files/480x672_81.jpg
Elite Girls;5000;Университет;79637196293;В квартиру,За город,В сауну,В гостиницу,В офис,В коттедж,;;;Секс классический,Секс анальный,Секс групповой,Секс лесбийский,Услуги семейной паре,Секс-игрушки,Минет в презервативе,Минет без резинки,Минет глубокий,Куннилингус,Окончание на грудь,Окончание на лицо,Окончание в рот,Стриптиз не профи,Лесби-шоу легкое,Массаж расслабляющий,Массаж урологический,Массаж эротический,Массаж ветка сакуры,Страпон,Золотой дождь выдача,;files/480x672_82.jpg
V/I/P;10000;Киевская,Кутузовская,Парк Победы;79055929280;В квартиру,За город,В сауну,В гостиницу,В офис,В коттедж,;;;Секс классический,Секс анальный,Секс лесбийский,Услуги семейной паре,Секс-игрушки,Минет в презервативе,Минет без резинки,Минет глубокий,Куннилингус,Окончание на грудь,Стриптиз не профи,Лесби-шоу легкое,Массаж расслабляющий,Массаж урологический,Массаж эротический,Массаж ветка сакуры,Страпон,Золотой дождь выдача,;files/480x672_83.jpg
Elite CaNdIe$;7000;Киевская,Кутузовская,Парк Победы;79687141875;В квартиру,За город,В сауну,В гостиницу,В офис,В коттедж,;;;Секс классический,Секс анальный,Секс лесбийский,Услуги семейной паре,Секс-игрушки,Минет в презервативе,Минет без резинки,Минет глубокий,Куннилингус,Окончание на грудь,Стриптиз не профи,Лесби-шоу легкое,Массаж расслабляющий,Массаж урологический,Массаж эротический,Массаж ветка сакуры,Страпон,Золотой дождь выдача,;files/480x672_84.jpg
Элитные Девушки;7000;Ленинский проспект,Спортивная,Университет;79687141876;В квартиру,За город,В сауну,В офис,В коттедж,;;;Секс классический,Секс анальный,Секс лесбийский,Услуги семейной паре,Секс-игрушки,Минет в презервативе,Минет без резинки,Минет глубокий,Куннилингус,Окончание на грудь,Стриптиз не профи,Лесби-шоу легкое,Массаж расслабляющий,Массаж урологический,Массаж эротический,Массаж ветка сакуры,Страпон,Золотой дождь выдача,;files/480x672_85.jpg
Sexy Babys;5000;Ленинский проспект,Спортивная,Университет;79687141922;В квартиру,За город,В сауну,В гостиницу,В офис,В коттедж,;;;Секс классический,Секс анальный,Секс лесбийский,Услуги семейной паре,Секс-игрушки,Минет в презервативе,Минет без резинки,Минет глубокий,Куннилингус,Окончание на грудь,Стриптиз не профи,Лесби-шоу легкое,Массаж расслабляющий,Массаж урологический,Массаж ветка сакуры,Страпон,Золотой дождь выдача,;files/480x672_86.jpg
CHILI;5000;Жулебино,Таганская,Некрасовка;79256617878;В квартиру,За город,В сауну,В гостиницу,В офис,В коттедж,;;;Массаж классический,Массаж профессиональный,Массаж расслабляющий,Массаж тайский,Массаж урологический,Массаж точечный,Массаж эротический,Массаж ветка сакуры,;files/480x672_87.jpg
LADY SEXY;5000;Кутузовская,Филевский парк;79629165781;В квартиру,За город,В сауну,В гостиницу,В офис,В коттедж,;;;Секс классический,Секс анальный,Секс групповой,Секс лесбийский,Минет в презервативе,Минет без резинки,Куннилингус,Окончание на грудь,Окончание на лицо,Окончание в рот,Стриптиз профи,Стриптиз не профи,Лесби-шоу легкое,Массаж классический,Массаж расслабляющий,Массаж эротический,;files/480x672_88.jpg
Secret Vibe;5000;;79267907508;В квартиру,За город,В сауну,В гостиницу,В офис,В коттедж,;;;Секс классический,Секс анальный,Секс групповой,Секс лесбийский,Услуги семейной паре,Секс-игрушки,Минет в презервативе,Минет без резинки,Минет глубокий,Минет в машине,Куннилингус,Окончание на грудь,Окончание на лицо,Окончание в рот,Стриптиз профи,Стриптиз не профи,Лесби откровенное,Лесби-шоу легкое,Массаж классический,Массаж профессиональный,Массаж расслабляющий,Массаж тайский,Массаж урологический,Массаж точечный,Массаж эротический,Массаж ветка сакуры,Страпон,Анилингус делаю,Золотой дождь выдача,Золотой дождь прием,Копро выдача,Фистинг анальный,Фистинг классический,;files/480x672_89.jpg
The Golden House;5000;;79153374730;В квартиру,За город,В сауну,В гостиницу,В офис,В коттедж,;;;Секс классический,Секс анальный,Секс групповой,Секс лесбийский,Услуги семейной паре,Секс-игрушки,Минет в презервативе,Минет без резинки,Минет глубокий,Куннилингус,Окончание на грудь,Окончание на лицо,Окончание в рот,Стриптиз не профи,Лесби-шоу легкое,Массаж классический,Массаж расслабляющий,Массаж урологический,Массаж эротический,Страпон,Золотой дождь выдача,Копро выдача,;files/480x672_90.jpg
Эскорт агентство: KARAT;5000;Арбатская,Белорусская,Ленинский проспект;79266283418;В квартиру,За город,В сауну,В гостиницу,В офис,В коттедж,;;;Секс классический,Секс анальный,Секс групповой,Секс лесбийский,Услуги семейной паре,Секс-игрушки,Минет в презервативе,Минет без резинки,Минет глубокий,Куннилингус,Окончание на грудь,Окончание на лицо,Окончание в рот,Стриптиз профи,Стриптиз не профи,Лесби откровенное,Лесби-шоу легкое,Массаж классический,Массаж профессиональный,Массаж расслабляющий,Массаж эротический,Страпон,Золотой дождь выдача,Фистинг классический,;files/480x672_91.jpg
Пегас;5000;Марксистская,Первомайская,Площадь Революции;79096513717;В квартиру,За город,В сауну,В гостиницу,В офис,В коттедж,;;;Секс классический,Секс анальный,Секс групповой,Секс лесбийский,Услуги семейной паре,Секс-игрушки,Минет в презервативе,Минет без резинки,Минет глубокий,Куннилингус,Окончание на грудь,Окончание на лицо,Окончание в рот,Стриптиз профи,Стриптиз не профи,Лесби откровенное,Лесби-шоу легкое,Массаж классический,Массаж эротический,Страпон,Золотой дождь выдача,;files/480x672_92.jpg
Sexy Lady;5000;Таганская;79255588828;В квартиру,За город,В сауну,В гостиницу,В офис,В коттедж,;;;Секс классический,Секс анальный,Услуги семейной паре,Минет в презервативе,Минет без резинки,Минет глубокий,Куннилингус,Окончание на грудь,Окончание на лицо,Стриптиз не профи,Лесби-шоу легкое,Массаж классический,Массаж профессиональный,Массаж расслабляющий,Массаж урологический,Массаж эротический,;files/480x672_93.jpg
"&quot;ЛЕДИ Х&quot;";5000;;79031804848;В квартиру,За город,В сауну,В гостиницу,В офис,В коттедж,;;;Секс классический,Секс групповой,Секс лесбийский,Минет в презервативе,Минет без резинки,Куннилингус,Окончание на грудь,Окончание на лицо,Окончание в рот,Лесби откровенное,Лесби-шоу легкое,Массаж классический,Массаж расслабляющий,Массаж урологический,Массаж эротический,Массаж ветка сакуры,Золотой дождь выдача,;files/480x672_94.jpg
Privat;5000;Прокшино,Ольховая,Коммунарка;79175785487;В квартиру,За город,В сауну,В гостиницу,В офис,В коттедж,;;;Секс классический,Секс анальный,Секс групповой,Секс лесбийский,Услуги семейной паре,Секс-игрушки,Минет в презервативе,Минет без резинки,Минет глубокий,Куннилингус,Окончание на грудь,Окончание на лицо,Окончание в рот,Стриптиз профи,Стриптиз не профи,Лесби откровенное,Лесби-шоу легкое,Массаж классический,Массаж профессиональный,Массаж расслабляющий,Массаж тайский,Массаж урологический,Массаж точечный,Массаж эротический,Массаж ветка сакуры,Страпон,Анилингус делаю,Золотой дождь выдача,;files/480x672_95.jpg
LORD;2000;Кузьминки,Текстильщики,Окская;79663693000;;;;Массаж классический,Массаж профессиональный,Массаж расслабляющий,Массаж урологический,Массаж эротический,Массаж ветка сакуры,;files/480x672_96.jpg
Салон Седьмое небо на Автозаводской;3000;Автозаводская;79153528793;В квартиру,За город,В сауну,В гостиницу,В офис,В коттедж,;;;Секс классический,Секс анальный,Минет в презервативе,Минет без резинки,Минет глубокий,Куннилингус,Окончание на грудь,Окончание в рот,Стриптиз не профи,Массаж классический,Массаж расслабляющий,Массаж эротический,Золотой дождь выдача,Фистинг классический,;files/480x672_97.jpg
Интим салон Рай;5000;Братиславская;79262262968;В квартиру,За город,В сауну,В гостиницу,В коттедж,;;;Секс классический,Секс анальный,Секс групповой,Секс лесбийский,Услуги семейной паре,Секс-игрушки,Минет в презервативе,Минет без резинки,Минет глубокий,Минет в машине,Куннилингус,Окончание на грудь,Окончание на лицо,Окончание в рот,Стриптиз профи,Стриптиз не профи,Лесби откровенное,Лесби-шоу легкое,Массаж классический,Массаж тайский,Массаж урологический,Массаж эротический,Массаж ветка сакуры,Страпон,Анилингус делаю,Золотой дождь выдача,;files/480x672_98.jpg
Подружки;5000;Павелецкая,Тульская,Шаболовская;79250088560;В квартиру,За город,В сауну,В гостиницу,В офис,В коттедж,;;;Секс классический,;files/480x672_99.jpg
"&quot;KISS ME&quot;";5000;Авиамоторная;74959722323;В квартиру,За город,В сауну,В гостиницу,В офис,В коттедж,;;;Секс классический,Секс лесбийский,Услуги семейной паре,Секс-игрушки,Минет в презервативе,Минет без резинки,Минет глубокий,Минет в машине,Куннилингус,Окончание на грудь,Окончание на лицо,Окончание в рот,Стриптиз профи,Лесби-шоу легкое,Массаж классический,Массаж профессиональный,Массаж расслабляющий,Массаж тайский,Массаж урологический,Массаж точечный,Массаж эротический,Массаж ветка сакуры,;files/480x672_100.jpg
"&quot;Golden Lady&quot;";5000;Арбатская,Библиотека имени Ленина,Смоленская;74959789393;В квартиру,За город,В сауну,В гостиницу,В офис,В коттедж,;;;Секс классический,Секс анальный,Секс групповой,Секс лесбийский,Услуги семейной паре,Секс-игрушки,Минет в презервативе,Минет без резинки,Минет глубокий,Куннилингус,Окончание на грудь,Окончание на лицо,Окончание в рот,Стриптиз не профи,Лесби-шоу легкое,Массаж классический,Массаж профессиональный,Массаж расслабляющий,Массаж тайский,Массаж урологический,Массаж точечный,Массаж эротический,Массаж ветка сакуры,Золотой дождь выдача,;files/480x672_101.jpg
ecstasy;5000;Авиамоторная,Автозаводская,Новогиреево;79255648843;В квартиру,В сауну,В гостиницу,;;;Секс классический,Секс анальный,Секс групповой,Секс лесбийский,Услуги семейной паре,Секс-игрушки,Минет в презервативе,Минет без резинки,Минет глубокий,Куннилингус,Окончание на грудь,Окончание на лицо,Окончание в рот,Лесби откровенное,Лесби-шоу легкое,Массаж классический,Массаж расслабляющий,Массаж урологический,Массаж эротический,;files/480x672_102.jpg
КАПРИЗ;2500;Бауманская,Красные ворота,Курская;79652257272;;;;Секс-игрушки,Куннилингус,Массаж классический,Массаж профессиональный,Массаж расслабляющий,Массаж тайский,Массаж урологический,Массаж точечный,Массаж эротический,Массаж ветка сакуры,Страпон,;files/480x672_103.jpg
"Эротический салон &quot;Соблазн&quot;";5000;Павелецкая;79671662370;;;;Секс классический,Секс анальный,Секс групповой,;files/480x672_104.jpg
VIP АПАРТАМЕНТЫ;4000;Нахимовский проспект;79252783226;В квартиру,За город,В сауну,В гостиницу,В коттедж,;;;Секс классический,Секс анальный,Секс групповой,Минет в презервативе,Минет без резинки,Стриптиз не профи,Массаж классический,Массаж расслабляющий,Массаж эротический,;files/480x672_105.jpg
Сексуальные утехи;5000;Студенческая;79032321853;;;;Секс классический,Секс анальный,Секс групповой,Минет в презервативе,Минет без резинки,Стриптиз не профи,Массаж классический,Массаж расслабляющий,Массаж эротический,;files/480x672_106.jpg
Закрытый мир роскоши Miss-Oni;5000;Воробьевы горы,Ленинский проспект,Университет;79692752577;;;;;files/480x672_107.jpg
Нимфетки;5000;Павелецкая;89637177735;В квартиру,;;;;files/480x672_108.jpg
Мечта Адама;5000;Выставочная,Деловой центр,Киевская;79151019574;;;;;
Интим-Сити;5000;Павелецкая;89037565324;В квартиру,В сауну,;;;;files/480x672_109.jpg
Изабэлла;10000;Киевская,Кутузовская,Парк Победы;89683920600;;;;;files/480x672_110.jpg
"Мужской клуб &quot;GQ&quot;";1700;Митино,Мякинино,Строгино;79295601326;;;;Услуги семейной паре,Окончание на грудь,Стриптиз не профи,Лесби-шоу легкое,Массаж классический,Массаж профессиональный,Массаж расслабляющий,Массаж тайский,Массаж урологический,Массаж точечный,Массаж эротический,Массаж ветка сакуры,;files/480x672_111.jpg
Club LOVE;3000;Кутузовская;79165449158;В квартиру,В сауну,В гостиницу,;;;Секс классический,Секс анальный,Минет в презервативе,Минет без резинки,Минет глубокий,Окончание на грудь,Окончание на лицо,Окончание в рот,Стриптиз профи,Стриптиз не профи,;files/480x672_112.jpg
Утопия;3000;;79165448763;В квартиру,В сауну,В гостиницу,;;;Секс классический,Секс анальный,Секс групповой,Секс-игрушки,Минет в презервативе,Минет без резинки,Минет глубокий,Минет в машине,Куннилингус,Окончание на грудь,Окончание на лицо,Окончание в рот,Стриптиз профи,Стриптиз не профи,Массаж классический,Массаж расслабляющий,Массаж тайский,Массаж эротический,;files/480x672_113.jpg
B69;2500;Проспект Вернадского,Профсоюзная,Мичуринский проспект;74951254269;;;files/ef7hBQ4OD6FUhnWy.mp4;Секс классический,Секс анальный,Секс групповой,Секс лесбийский,Услуги семейной паре,Секс-игрушки,Минет в презервативе,Минет без резинки,Минет глубокий,Куннилингус,Окончание на грудь,Окончание на лицо,Окончание в рот,Стриптиз профи,Стриптиз не профи,Лесби откровенное,Лесби-шоу легкое,Массаж классический,Массаж профессиональный,Массаж расслабляющий,Массаж тайский,Массаж урологический,Массаж точечный,Массаж эротический,Массаж ветка сакуры,Страпон,Анилингус делаю,Золотой дождь выдача,;files/480x672_114.jpg
Салон на Автозаводской;3000;Автозаводская;79153528793;В квартиру,За город,В сауну,В гостиницу,В офис,В коттедж,;;;Секс классический,Секс анальный,Минет в презервативе,Минет без резинки,Минет глубокий,Куннилингус,Окончание на грудь,Окончание в рот,Стриптиз не профи,Лесби-шоу легкое,Массаж классический,Массаж расслабляющий,Массаж урологический,Массаж эротический,Золотой дождь выдача,Фистинг классический,;files/480x672_115.jpg
На Автозаводской;3000;Автозаводская;79153528793;В квартиру,За город,В сауну,В гостиницу,В офис,В коттедж,;;;Секс классический,Секс анальный,Секс групповой,Минет в презервативе,Минет без резинки,Минет глубокий,Куннилингус,Окончание на грудь,Окончание в рот,Стриптиз не профи,Лесби откровенное,Массаж классический,Массаж расслабляющий,Массаж урологический,Массаж эротический,Золотой дождь выдача,Фистинг классический,;files/480x672_116.jpg
Филевский парк;2500;Кутузовская,Филевский парк,Минская;79152942832;В квартиру,За город,В сауну,В гостиницу,В офис,В коттедж,;;;Секс классический,Секс групповой,Минет в презервативе,Минет глубокий,Куннилингус,Окончание на грудь,Окончание на лицо,Стриптиз не профи,Массаж расслабляющий,Массаж эротический,;files/480x672_117.jpg
на Кутузовском;2500;Кутузовская,Филевский парк,Минская;79152942916;В квартиру,За город,В сауну,В гостиницу,В офис,В коттедж,;;;Секс классический,Секс групповой,Минет в презервативе,Минет глубокий,Куннилингус,Окончание на грудь,Окончание на лицо,Стриптиз не профи,Массаж расслабляющий,Массаж эротический,;files/480x672_118.jpg
на Тульской;2500;Варшавская,Тульская,Верхние Котлы;79152943091;В квартиру,За город,В сауну,В гостиницу,В офис,В коттедж,;;;Секс классический,Секс групповой,Минет в презервативе,Минет глубокий,Куннилингус,Окончание на грудь,Окончание на лицо,Стриптиз не профи,Массаж расслабляющий,Массаж эротический,;files/480x672_119.jpg
Основной инстинкт;7000;Ленинский проспект,Октябрьская,Спортивная;79169095102;В квартиру,За город,В сауну,В гостиницу,В офис,В коттедж,;;files/n3iRFcWS8wz-MqhR.mp4;Секс классический,Секс анальный,Секс групповой,Секс лесбийский,Услуги семейной паре,Секс-игрушки,Минет в презервативе,Минет без резинки,Минет глубокий,Куннилингус,Окончание на грудь,Окончание на лицо,Окончание в рот,Стриптиз не профи,Лесби-шоу легкое,Массаж классический,Массаж профессиональный,Массаж расслабляющий,Массаж тайский,Массаж эротический,Массаж ветка сакуры,Страпон,Анилингус делаю,Золотой дождь выдача,Золотой дождь прием,;files/480x672_120.jpg
Молодёжная;2500;Кунцевская,Кутузовская,Молодежная;79152943178;В квартиру,В сауну,В гостиницу,В офис,;;;Секс классический,Секс групповой,Минет в презервативе,Минет глубокий,Окончание на грудь,Окончание на лицо,Стриптиз не профи,Лесби-шоу легкое,Массаж расслабляющий,Массаж эротический,;files/480x672_121.jpg
На Озёрной;2500;Тропарёво,Юго-Западная;79152942861;В квартиру,В сауну,В гостиницу,В офис,;;;Секс классический,Секс групповой,Минет в презервативе,Минет глубокий,Окончание на грудь,Окончание на лицо,Стриптиз не профи,Лесби-шоу легкое,Массаж расслабляющий,Массаж эротический,;files/480x672_122.jpg
На Киевской;2500;Киевская;79152942861;В квартиру,В сауну,В гостиницу,В офис,;;;Секс классический,Секс групповой,Услуги семейной паре,Минет в презервативе,Минет глубокий,Окончание на грудь,Окончание на лицо,Стриптиз не профи,Лесби-шоу легкое,Массаж расслабляющий,Массаж эротический,;files/480x672_123.jpg
Твой отдых;5000;Коньково,Тропарёво,Юго-Западная;79150134157;В квартиру,В сауну,В гостиницу,В офис,;;;Секс классический,Секс групповой,Минет в презервативе,Минет глубокий,Окончание на грудь,Окончание на лицо,Стриптиз не профи,Лесби-шоу легкое,Массаж расслабляющий,Массаж эротический,;files/480x672_124.jpg
Кутузов;5000;Киевская,Кутузовская;79153881196;В квартиру,В сауну,В гостиницу,В офис,;;;Секс классический,Секс групповой,Услуги семейной паре,Минет в презервативе,Минет глубокий,Окончание на грудь,Окончание на лицо,Стриптиз не профи,Лесби-шоу легкое,Массаж расслабляющий,Массаж эротический,;files/480x672_125.jpg
На набережной;5000;Павелецкая;79153991644;В квартиру,В сауну,В гостиницу,В офис,;;;Секс классический,Секс групповой,Минет в презервативе,Минет глубокий,Окончание на грудь,Окончание на лицо,Стриптиз не профи,Лесби-шоу легкое,Массаж расслабляющий,Массаж эротический,;files/480x672_126.jpg
Огонёк;5000;Арбатская,Киевская,Кутузовская;79859168760;В квартиру,В гостиницу,;;;Секс классический,Секс групповой,Услуги семейной паре,Минет в презервативе,Окончание на грудь,Окончание на лицо,Стриптиз не профи,Лесби-шоу легкое,Массаж расслабляющий,Массаж эротический,;files/480x672_127.jpg
День и Ночь;5000;Крестьянская застава,Павелецкая,Таганская;79055449347;В квартиру,За город,В сауну,В гостиницу,В офис,В коттедж,;;;Секс классический,Секс анальный,Секс групповой,Секс лесбийский,Секс-игрушки,Минет в презервативе,Минет без резинки,Минет глубокий,Куннилингус,Окончание на грудь,Окончание на лицо,Окончание в рот,Стриптиз не профи,Лесби-шоу легкое,Массаж классический,Массаж расслабляющий,Массаж эротический,Массаж ветка сакуры,Страпон,Золотой дождь выдача,;files/480x672_128.jpg
МАРКИЗА;5000;Автозаводская,Волгоградский проспект,Дубровка;79104156778;В квартиру,За город,В сауну,В гостиницу,В офис,В коттедж,;;;Секс классический,Секс анальный,Секс групповой,Секс лесбийский,Секс-игрушки,Минет в презервативе,Минет без резинки,Минет глубокий,Куннилингус,Окончание на грудь,Окончание на лицо,Окончание в рот,Стриптиз не профи,Лесби-шоу легкое,Массаж классический,Массаж расслабляющий,Массаж эротический,Массаж ветка сакуры,Страпон,Золотой дождь выдача,;files/480x672_129.jpg
МОТЫЛЕК;5000;Беговая,Белорусская,Маяковская;79104156881;В квартиру,За город,В сауну,В гостиницу,В офис,В коттедж,;;;Секс классический,Секс анальный,Секс групповой,Секс лесбийский,Секс-игрушки,Минет в презервативе,Минет без резинки,Минет глубокий,Куннилингус,Окончание на грудь,Окончание на лицо,Окончание в рот,Стриптиз не профи,Лесби-шоу легкое,Массаж классический,Массаж расслабляющий,Массаж эротический,Массаж ветка сакуры,Страпон,Золотой дождь выдача,;files/480x672_130.jpg
Азбука Секса на Минской;5000;Митино,Филевский парк,Фили;9265494297;В квартиру,За город,В сауну,В гостиницу,В офис,В коттедж,;;;;
Интим Досуг;2500;Кутузовская;89057421398;;;;;files/480x672_131.jpg
Риада;5000;Кутузовская,Парк Победы;89036898738;В квартиру,За город,В сауну,В гостиницу,В офис,В коттедж,;;;;files/480x672_132.jpg
Sexy Girls;5000;Киевская,Парк Победы,Филевский парк;89151656442;В квартиру,За город,В сауну,В гостиницу,В офис,В коттедж,;;;;files/480x672_133.jpg
Сакура;3500;Кутузовская;89254072508;В квартиру,За город,В сауну,В гостиницу,В офис,В коттедж,;;;;files/480x672_134.jpg
Moulin Rouge;5000;Профсоюзная;89261242909;В квартиру,За город,В сауну,В гостиницу,В офис,В коттедж,;;;;files/480x672_135.jpg
Жизель;7000;Славянский бульвар;89261242874;В квартиру,За город,В сауну,В гостиницу,В офис,В коттедж,;;;;files/480x672_136.jpg
EVITA SALON;5000;Павелецкая;89685182008;В квартиру,За город,В сауну,В гостиницу,В офис,В коттедж,;;;;files/480x672_137.jpg
Like;5000;Белорусская;74952369797;В квартиру,В сауну,В гостиницу,В коттедж,;;;;
Relax;5000;Белорусская,Павелецкая,Филевский парк;79263918133;В квартиру,За город,В сауну,В гостиницу,В коттедж,;;;;
WildChery;10000;Тверская;9091689279;;;;;files/480x672_138.jpg
"Clab-Intim &quot; ДИКАЯ МЯТА&quot;";3500;Киевская,Смоленская,Студенческая;89856849605;В квартиру,В сауну,;;;;files/480x672_139.jpg
ZAБАВА BEST;5000;Кунцевская,Молодежная;79856849628;;;;;
Сладкие девушки;5000;Киевская,Кутузовская,Студенческая;79690795979;;;;;
VANILIA;5000;Киевская;89686105285;В квартиру,За город,В сауну,В гостиницу,В офис,В коттедж,;;;;files/480x672_140.jpg
Проказницы;5000;Воробьевы горы,Проспект Вернадского,Университет;79636732630;;;;;files/480x672_141.jpg
